47.204.188.222,NA
47.204.188.223,EU
47.204.188.224,RU
47.204.188.225,NA
47.204.188.226,EU
47.204.188.227,RU
47.204.188.228,NA
47.204.188.229,EU
47.204.188.230,RU
47.204.188.231,NA
47.204.188.232,EU
47.204.188.233,RU
47.204.188.234,NA
47.204.188.235,EU
47.204.188.236,RU
47.204.188.237,NA
47.204.188.238,EU
47.204.188.239,RU
47.204.188.240,NA
47.204.188.241,EU
47.204.188.242,RU
47.204.188.243,NA
47.204.188.244,EU
47.204.188.245,RU
47.204.188.246,NA
47.204.188.247,EU
47.204.188.248,RU
47.204.188.249,NA
47.204.188.250,NA
47.204.188.251,EU
47.204.188.252,RU
47.204.188.253,NA
47.204.188.254,EU
47.204.188.255,RU
