3/28/2022 7:20,77.238.129.14
3/29/2022 7:20,20.47.108.204
3/30/2022 7:20,169.57.1.85
3/31/2022 7:20,194.5.193.183
4/1/2022 7:20,152.228.149.249
4/2/2022 7:20,175.144.112.236
4/3/2022 7:20,175.144.112.239
4/4/2022 7:20,213.97.45.73
4/5/2022 7:20,85.195.104.71
4/6/2022 7:20,197.254.97.254
4/7/2022 7:20,197.254.97.255
4/8/2022 7:20,3.12.95.129
4/9/2022 7:20,52.27.65.162
4/10/2022 7:20,206.189.146.13
4/11/2022 7:20,194.67.91.153
4/12/2022 7:20,183.89.148.157
4/13/2022 7:20,103.170.96.2
4/14/2022 7:20,213.230.69.193
4/15/2022 7:20,211.72.89.27
4/16/2022 7:20,95.9.194.13
4/17/2022 7:20,120.89.90.210
4/18/2022 7:20,162.243.244.206
4/19/2022 7:20,170.155.5.235
4/20/2022 7:20,178.47.141.85
4/21/2022 7:20,117.54.114.96
4/22/2022 7:20,37.187.114.131
4/23/2022 7:20,187.217.54.84
4/24/2022 7:20,47.56.69.11
4/25/2022 7:20,197.254.97.248
4/26/2022 7:20,117.54.114.97
4/27/2022 7:20,187.111.176.249
4/28/2022 7:20,78.128.124.9
4/29/2022 7:20,157.245.110.145
4/30/2022 7:20,68.238.58.62
5/1/2022 7:20,117.54.114.103
5/2/2022 7:20,188.127.249.9
5/3/2022 7:20,103.240.160.21
5/4/2022 7:20,51.159.3.223
5/5/2022 7:20,104.45.128.122
5/6/2022 7:20,121.1.41.162
5/7/2022 7:20,103.155.217.156
5/8/2022 7:20,140.227.126.214
5/9/2022 7:20,20.105.253.176
5/10/2022 7:20,117.54.114.98
5/11/2022 7:20,101.109.98.245
5/12/2022 7:20,102.68.128.214
5/13/2022 7:20,175.144.112.238
5/14/2022 7:20,45.184.155.250
5/15/2022 7:20,103.250.166.4
5/16/2022 7:20,190.90.83.225
5/17/2022 7:20,58.27.59.249
5/18/2022 7:20,34.132.63.62
5/19/2022 7:20,139.162.78.109
5/20/2022 7:20,8.214.41.50
5/21/2022 7:20,51.38.11.196
5/22/2022 7:20,200.116.198.137
5/23/2022 7:20,52.169.143.106
5/24/2022 7:20,202.43.190.10
5/25/2022 7:20,77.236.243.125
5/26/2022 7:20,103.151.226.46
5/27/2022 7:20,62.75.229.167
5/28/2022 7:20,37.61.222.166
5/29/2022 7:20,37.61.222.173
5/30/2022 7:20,45.190.79.176
5/31/2022 7:20,103.159.90.22
6/1/2022 7:20,201.150.51.30
6/2/2022 7:20,45.189.118.74
6/3/2022 7:20,201.184.107.26
6/4/2022 7:20,182.160.109.145
6/5/2022 7:20,109.248.175.223
6/6/2022 7:20,223.255.133.34
6/7/2022 7:20,14.239.65.212
6/8/2022 7:20,192.119.203.124
6/9/2022 7:20,188.138.11.39
6/10/2022 7:20,103.4.167.195
6/11/2022 7:20,217.11.79.232
6/12/2022 7:20,77.236.238.179
6/13/2022 7:20,144.217.75.65
6/14/2022 7:20,46.191.239.183
6/15/2022 7:20,103.70.79.3
6/16/2022 7:20,190.186.1.65
6/17/2022 7:20,77.236.238.69
6/18/2022 7:20,186.13.50.16
6/19/2022 7:20,45.171.242.2
6/20/2022 7:20,181.49.217.254
6/21/2022 7:20,193.150.117.102
6/22/2022 7:20,89.223.8.10
6/23/2022 7:20,185.110.210.233
6/24/2022 7:20,103.160.201.192
6/25/2022 7:20,203.172.207.23
6/26/2022 7:20,190.2.211.174
6/27/2022 7:20,103.124.138.66
6/28/2022 7:20,102.68.128.216
6/29/2022 7:20,41.161.92.138
6/30/2022 7:20,171.241.47.43
7/1/2022 7:20,165.16.0.49
7/2/2022 7:20,202.62.11.10
7/3/2022 7:20,95.0.206.22
7/4/2022 7:20,27.72.105.233
7/5/2022 7:20,38.7.16.61
7/6/2022 7:20,77.236.236.44
7/7/2022 7:20,103.124.136.212
7/8/2022 7:20,85.25.199.122
7/9/2022 7:20,103.147.77.66
7/10/2022 7:20,80.48.119.28
7/11/2022 7:20,202.70.67.93
7/12/2022 7:20,103.21.161.105
7/13/2022 7:20,47.245.11.194
7/14/2022 7:20,139.255.128.114
7/15/2022 7:20,8.210.83.33
7/16/2022 7:20,159.203.61.169
7/17/2022 7:20,190.104.17.138
7/18/2022 7:20,66.94.120.161
7/19/2022 7:20,197.254.97.252
7/20/2022 7:20,216.137.184.253
7/21/2022 7:20,202.6.233.133
7/22/2022 7:20,114.6.87.177
7/23/2022 7:20,176.56.107.230
7/24/2022 7:20,197.254.97.250
7/25/2022 7:20,162.144.116.103
7/26/2022 7:20,31.220.109.82
7/27/2022 7:20,45.115.178.137
7/28/2022 7:20,139.255.99.162
7/29/2022 7:20,167.71.5.83
7/30/2022 7:20,110.74.222.71
7/31/2022 7:20,103.148.72.192
8/1/2022 7:20,151.106.17.123
8/2/2022 7:20,151.106.17.126
8/3/2022 7:20,192.155.107.214
8/4/2022 7:20,182.93.89.126
8/5/2022 7:20,138.121.113.164
8/6/2022 7:20,110.77.241.22
8/7/2022 7:20,189.11.228.147
8/8/2022 7:20,14.207.54.207
8/9/2022 7:20,185.82.99.11
8/10/2022 7:20,84.204.40.154
8/11/2022 7:20,200.39.136.129
8/12/2022 7:20,212.19.7.246
8/13/2022 7:20,138.68.235.51
8/14/2022 7:20,77.50.104.110
8/15/2022 7:20,104.248.90.212
8/16/2022 7:20,103.73.33.188
8/17/2022 7:20,139.255.99.165
8/18/2022 7:20,74.208.150.121
8/19/2022 7:20,18.139.121.95
8/20/2022 7:20,104.215.127.197
8/21/2022 7:20,43.241.39.52
8/22/2022 7:20,185.61.152.137
8/23/2022 7:20,131.100.51.20
8/24/2022 7:20,128.201.119.251
8/25/2022 7:20,203.189.142.168
8/26/2022 7:20,103.105.125.6
8/27/2022 7:20,45.229.34.101
8/28/2022 7:20,85.25.91.155
8/29/2022 7:20,146.59.205.213
8/30/2022 7:20,62.141.90.254
8/31/2022 7:20,108.170.12.14
9/1/2022 7:20,37.187.146.176
9/2/2022 7:20,41.65.36.165
9/3/2022 7:20,113.181.36.28
9/4/2022 7:20,180.180.171.123
9/5/2022 7:20,143.198.44.235
9/6/2022 7:20,103.124.97.11
9/7/2022 7:20,192.121.246.23
9/8/2022 7:20,161.35.161.38
9/9/2022 7:20,177.207.222.78
9/10/2022 7:20,95.140.27.135
9/11/2022 7:20,46.101.186.238
9/12/2022 7:20,115.111.242.68
9/13/2022 7:20,188.138.101.167
9/14/2022 7:20,185.74.7.51
9/15/2022 7:20,103.21.163.81
9/16/2022 7:20,131.161.68.41
9/17/2022 7:20,154.236.184.77
9/18/2022 7:20,43.255.113.232
9/19/2022 7:20,117.54.114.100
9/20/2022 7:20,103.143.197.44
9/21/2022 7:20,50.250.56.129
9/22/2022 7:20,1.10.141.220
9/23/2022 7:20,187.73.68.14
9/24/2022 7:20,182.74.183.226
9/25/2022 7:20,45.170.148.76
9/26/2022 7:20,95.167.59.162
9/27/2022 7:20,45.156.29.129
9/28/2022 7:20,77.104.97.5
9/29/2022 7:20,88.255.64.94
9/30/2022 7:20,103.207.3.6
10/1/2022 7:20,94.74.104.163
10/2/2022 7:20,181.205.41.210
10/3/2022 7:20,91.150.189.122
10/4/2022 7:20,200.164.65.81
10/5/2022 7:20,185.23.110.106
10/6/2022 7:20,186.250.162.165
10/7/2022 7:20,103.135.220.92
10/8/2022 7:20,36.92.93.61
10/9/2022 7:20,103.78.25.99
10/10/2022 7:20,109.201.9.100
10/11/2022 7:20,116.197.134.98
10/12/2022 7:20,103.23.206.170
10/13/2022 7:20,65.21.153.73
10/14/2022 7:20,103.135.249.88
10/15/2022 7:20,3.135.74.9
10/16/2022 7:20,69.63.73.171
10/17/2022 7:20,180.250.170.210
10/18/2022 7:20,159.65.8.72
10/19/2022 7:20,54.242.70.230
10/20/2022 7:20,102.130.116.42
10/21/2022 7:20,116.73.15.204
10/22/2022 7:20,52.168.34.113
10/23/2022 7:20,62.138.3.125
10/24/2022 7:20,203.113.167.3
10/25/2022 7:20,208.67.183.240
10/26/2022 7:20,85.25.4.28
10/27/2022 7:20,110.74.195.34
10/28/2022 7:20,177.229.215.178
10/29/2022 7:20,85.234.126.107
10/30/2022 7:20,46.246.80.6
10/31/2022 7:20,34.87.84.105
11/1/2022 7:20,138.91.159.185
11/2/2022 7:20,209.126.5.34
11/3/2022 7:20,185.233.37.83
11/4/2022 7:20,51.75.206.209
11/5/2022 7:20,43.224.10.31
11/6/2022 7:20,27.111.45.25
11/7/2022 7:20,200.105.215.18
11/8/2022 7:20,190.110.99.106
11/9/2022 7:20,138.201.167.116
11/10/2022 7:20,91.217.42.4
11/11/2022 7:20,190.110.111.137
11/12/2022 7:20,103.107.71.192
11/13/2022 7:20,200.54.194.12
11/14/2022 7:20,5.131.243.252
11/15/2022 7:20,158.69.53.132
11/16/2022 7:20,162.243.174.235
11/17/2022 7:20,35.238.154.2
11/18/2022 7:20,82.66.5.130
11/19/2022 7:20,137.184.197.190
11/20/2022 7:20,91.209.11.131
11/21/2022 7:20,54.38.181.125
11/22/2022 7:20,128.199.13.74
11/23/2022 7:20,193.117.138.126
11/24/2022 7:20,144.217.240.185
11/25/2022 7:20,31.169.50.141
11/26/2022 7:20,3.17.38.253
11/27/2022 7:20,213.230.90.106
11/28/2022 7:20,176.110.121.90
11/29/2022 7:20,1.186.85.38
11/30/2022 7:20,78.31.159.227
12/1/2022 7:20,185.82.99.211
12/2/2022 7:20,45.177.109.219
12/3/2022 7:20,45.176.169.18
12/4/2022 7:20,103.151.247.49
12/5/2022 7:20,204.195.136.34
12/6/2022 7:20,146.59.199.12
12/7/2022 7:20,151.106.18.124
12/8/2022 7:20,5.149.219.201
12/9/2022 7:20,212.46.230.102
12/10/2022 7:20,2.179.193.146
12/11/2022 7:20,102.134.98.222
12/12/2022 7:20,167.71.212.154
12/13/2022 7:20,188.166.165.240
12/14/2022 7:20,149.54.11.76
12/15/2022 7:20,36.37.180.59
12/16/2022 7:20,202.180.54.211
12/17/2022 7:20,161.35.70.249
12/18/2022 7:20,149.19.40.31
12/19/2022 7:20,108.166.183.204
12/20/2022 7:20,84.10.217.121
12/21/2022 7:20,103.156.128.245
12/22/2022 7:20,134.249.240.5
12/23/2022 7:20,165.22.53.133
12/24/2022 7:20,186.250.162.161
12/25/2022 7:20,165.227.236.216
12/26/2022 7:20,162.241.207.217
12/27/2022 7:20,116.203.201.82
12/28/2022 7:20,191.97.19.49
12/29/2022 7:20,43.224.10.36
12/30/2022 7:20,158.181.21.247
12/31/2022 7:20,195.158.2.229
1/1/2023 7:20,103.148.39.38
1/2/2023 7:20,136.232.34.90
1/3/2023 7:20,183.88.133.186
1/4/2023 7:20,103.153.232.1
1/5/2023 7:20,111.118.138.151
1/6/2023 7:20,27.131.179.204
1/7/2023 7:20,161.132.122.60
1/8/2023 7:20,202.154.180.53
1/9/2023 7:20,45.172.111.19
1/10/2023 7:20,80.84.176.110
1/11/2023 7:20,122.185.44.46
1/12/2023 7:20,171.97.85.117
1/13/2023 7:20,14.207.122.254
1/14/2023 7:20,190.109.0.227
1/15/2023 7:20,216.66.76.238
1/16/2023 7:20,198.11.183.14
1/17/2023 7:20,197.254.97.249
1/18/2023 7:20,154.236.184.70
1/19/2023 7:20,190.152.5.17
1/20/2023 7:20,202.169.229.139
1/21/2023 7:20,13.66.38.250
