Date/Time,Source,Destination
3/24/2022 12:46,207.250.97.159,204.79.197.200
3/24/2022 12:46,207.250.97.159,184.28.82.176
3/24/2022 12:46,207.250.97.159,224.0.0.251
3/24/2022 12:46,207.250.97.159,239.255.255.250
3/24/2022 12:46,207.250.97.159,255.255.255.255
3/24/2022 12:46,207.250.97.159,8.8.4.4
3/24/2022 12:46,207.250.97.159,8.8.8.8
3/24/2022 12:46,207.250.97.159,52.167.17.97
3/24/2022 12:46,207.250.97.159,13.87.187.111
3/24/2022 12:46,207.250.97.159,52.184.216.174
3/24/2022 12:46,207.250.97.159,74.125.31.188
3/24/2022 12:46,207.250.97.159,104.119.239.118
3/24/2022 12:46,207.250.97.159,31.13.67.11
3/24/2022 12:46,207.250.97.159,224.0.0.22
3/24/2022 12:46,207.250.97.159,184.28.22.50
3/24/2022 12:46,207.250.97.159,40.115.118.6
3/24/2022 12:46,207.250.97.159,140.82.112.26
3/24/2022 12:46,207.250.97.159,140.82.114.5
3/24/2022 12:47,207.250.97.159,239.255.255.251
3/24/2022 12:47,207.250.97.159,224.0.0.250
3/24/2022 12:47,207.250.97.159,13.68.233.9
3/24/2022 12:47,207.250.97.159,40.126.28.13
3/24/2022 12:47,207.250.97.159,13.107.136.9
3/24/2022 12:47,207.250.97.159,157.240.14.49
3/24/2022 12:48,207.250.97.159,162.125.5.13
3/24/2022 12:48,207.250.97.159,40.126.28.22
3/24/2022 12:49,207.250.97.159,173.194.212.102
3/24/2022 12:49,207.250.97.159,142.250.64.228
3/24/2022 12:49,207.250.97.159,142.250.217.229
3/24/2022 12:49,207.250.97.159,142.250.217.202
3/24/2022 12:49,207.250.97.159,142.250.64.229
3/24/2022 12:49,207.250.97.159,142.250.189.142
3/24/2022 12:49,207.250.97.159,172.217.165.195
3/24/2022 12:49,207.250.97.159,142.250.64.142
3/24/2022 12:49,207.250.97.159,142.250.64.174
3/24/2022 12:49,207.250.97.159,142.250.217.195
3/24/2022 12:49,207.250.97.159,172.217.3.78
3/24/2022 12:49,207.250.97.159,172.217.3.74
3/24/2022 12:49,207.250.97.159,142.250.64.138
3/24/2022 12:49,207.250.97.159,74.125.26.189
3/24/2022 12:49,207.250.97.159,172.217.15.202
3/24/2022 12:49,207.250.97.159,142.250.64.227
3/24/2022 12:49,207.250.97.159,142.250.217.238
3/24/2022 12:49,207.250.97.159,20.62.190.188
3/24/2022 12:49,207.250.97.159,52.152.108.96
3/24/2022 12:49,207.250.97.159,20.42.72.131
3/24/2022 12:49,207.250.97.159,52.109.8.21
3/24/2022 12:49,207.250.97.159,142.250.189.138
3/24/2022 12:49,207.250.97.159,142.250.64.234
3/24/2022 12:49,207.250.97.159,172.217.15.206
3/24/2022 12:49,207.250.97.159,13.64.180.106
3/24/2022 12:49,207.250.97.159,172.67.75.39
3/24/2022 12:51,207.250.97.159,172.217.165.196
3/24/2022 12:51,207.250.97.159,142.251.35.234
3/24/2022 12:51,207.250.97.159,178.248.236.176
3/24/2022 12:51,207.250.97.159,72.21.91.29
3/24/2022 12:51,207.250.97.159,195.191.77.240
3/24/2022 12:51,207.250.97.159,172.217.2.206
3/24/2022 12:51,207.250.97.159,184.28.22.25
3/24/2022 12:51,207.250.97.159,185.165.123.58
3/24/2022 12:51,207.250.97.159,104.26.10.247
3/24/2022 12:51,207.250.97.159,172.67.198.153
3/24/2022 12:51,207.250.97.159,172.67.72.155
3/24/2022 12:51,207.250.97.159,104.26.11.147
3/24/2022 12:51,207.250.97.159,87.240.190.67
3/24/2022 12:51,207.250.97.159,142.250.217.163
3/24/2022 12:51,207.250.97.159,92.38.138.107
3/24/2022 12:51,207.250.97.159,81.19.89.16
3/24/2022 12:51,207.250.97.159,87.98.238.74
3/24/2022 12:51,207.250.97.159,93.186.227.157
3/24/2022 12:51,207.250.97.159,81.19.89.18
3/24/2022 12:51,207.250.97.159,92.223.106.11
3/24/2022 12:51,207.250.97.159,92.223.103.214
3/24/2022 12:51,207.250.97.159,92.223.103.27
3/24/2022 12:51,207.250.97.159,83.229.25.63
3/24/2022 12:51,207.250.97.159,92.223.103.220
3/24/2022 12:51,207.250.97.159,83.229.25.165
3/24/2022 12:51,207.250.97.159,81.163.17.245
3/24/2022 12:51,207.250.97.159,217.66.147.163
3/24/2022 12:51,207.250.97.159,83.222.114.187
3/24/2022 12:51,207.250.97.159,217.65.2.150
3/24/2022 12:51,207.250.97.159,172.67.73.91
3/24/2022 12:51,207.250.97.159,213.180.193.243
3/24/2022 12:51,207.250.97.159,142.250.217.234
3/24/2022 12:51,207.250.97.159,87.250.251.134
3/24/2022 12:51,207.250.97.159,178.154.131.215
3/24/2022 12:51,207.250.97.159,140.82.113.4
3/24/2022 12:51,207.250.97.159,140.82.113.5
3/24/2022 12:51,207.250.97.159,172.217.3.65
3/24/2022 12:51,207.250.97.159,172.217.165.193
3/24/2022 12:52,207.250.97.159,142.250.64.129
3/24/2022 12:52,207.250.97.159,140.82.113.26
